,geometry,zone_id,origin_count,destination_count
270,"POLYGON ((7.664047794439935 45.07391441112017, 7.670409771599928 45.07391441112017, 7.670409771599928 45.06755243396018, 7.664047794439935 45.06755243396018, 7.664047794439935 45.07391441112017))",270,2456.0,2475.0
299,"POLYGON ((7.670409771599928 45.06755243396018, 7.676771748759921 45.06755243396018, 7.676771748759921 45.06119045680019, 7.670409771599928 45.06119045680019, 7.670409771599928 45.06755243396018))",299,2518.0,2520.0
298,"POLYGON ((7.670409771599928 45.07391441112017, 7.676771748759921 45.07391441112017, 7.676771748759921 45.06755243396018, 7.670409771599928 45.06755243396018, 7.670409771599928 45.07391441112017))",298,2199.0,2204.0
327,"POLYGON ((7.676771748759921 45.06755243396018, 7.683133725919914 45.06755243396018, 7.683133725919914 45.06119045680019, 7.676771748759921 45.06119045680019, 7.676771748759921 45.06755243396018))",327,1877.0,1876.0
383,"POLYGON ((7.689495703079907 45.06755243396018, 7.6958576802399 45.06755243396018, 7.6958576802399 45.06119045680019, 7.689495703079907 45.06119045680019, 7.689495703079907 45.06755243396018))",383,1892.0,1896.0
244,"POLYGON ((7.657685817279942 45.06119045680019, 7.664047794439935 45.06119045680019, 7.664047794439935 45.0548284796402, 7.657685817279942 45.0548284796402, 7.657685817279942 45.06119045680019))",244,1906.0,1903.0
297,"POLYGON ((7.670409771599928 45.08027638828016, 7.676771748759921 45.08027638828016, 7.676771748759921 45.07391441112017, 7.670409771599928 45.07391441112017, 7.670409771599928 45.08027638828016))",297,1718.0,1714.0
355,"POLYGON ((7.683133725919914 45.06755243396018, 7.689495703079907 45.06755243396018, 7.689495703079907 45.06119045680019, 7.683133725919914 45.06119045680019, 7.683133725919914 45.06755243396018))",355,1639.0,1643.0
328,"POLYGON ((7.676771748759921 45.06119045680019, 7.683133725919914 45.06119045680019, 7.683133725919914 45.0548284796402, 7.676771748759921 45.0548284796402, 7.676771748759921 45.06119045680019))",328,1555.0,1564.0
269,"POLYGON ((7.664047794439935 45.08027638828016, 7.670409771599928 45.08027638828016, 7.670409771599928 45.07391441112017, 7.664047794439935 45.07391441112017, 7.664047794439935 45.08027638828016))",269,1606.0,1612.0
326,"POLYGON ((7.676771748759921 45.07391441112017, 7.683133725919914 45.07391441112017, 7.683133725919914 45.06755243396018, 7.676771748759921 45.06755243396018, 7.676771748759921 45.07391441112017))",326,1450.0,1450.0
243,"POLYGON ((7.657685817279942 45.06755243396018, 7.664047794439935 45.06755243396018, 7.664047794439935 45.06119045680019, 7.657685817279942 45.06119045680019, 7.657685817279942 45.06755243396018))",243,1647.0,1651.0
242,"POLYGON ((7.657685817279942 45.07391441112017, 7.664047794439935 45.07391441112017, 7.664047794439935 45.06755243396018, 7.657685817279942 45.06755243396018, 7.657685817279942 45.07391441112017))",242,1453.0,1467.0
215,"POLYGON ((7.651323840119949 45.06755243396018, 7.657685817279942 45.06755243396018, 7.657685817279942 45.06119045680019, 7.651323840119949 45.06119045680019, 7.651323840119949 45.06755243396018))",215,1330.0,1330.0
329,"POLYGON ((7.676771748759921 45.0548284796402, 7.683133725919914 45.0548284796402, 7.683133725919914 45.04846650248021, 7.676771748759921 45.04846650248021, 7.676771748759921 45.0548284796402))",329,1299.0,1306.0
245,"POLYGON ((7.657685817279942 45.0548284796402, 7.664047794439935 45.0548284796402, 7.664047794439935 45.04846650248021, 7.657685817279942 45.04846650248021, 7.657685817279942 45.0548284796402))",245,1536.0,1529.0
272,"POLYGON ((7.664047794439935 45.06119045680019, 7.670409771599928 45.06119045680019, 7.670409771599928 45.0548284796402, 7.664047794439935 45.0548284796402, 7.664047794439935 45.06119045680019))",272,1294.0,1297.0
325,"POLYGON ((7.676771748759921 45.08027638828016, 7.683133725919914 45.08027638828016, 7.683133725919914 45.07391441112017, 7.676771748759921 45.07391441112017, 7.676771748759921 45.08027638828016))",325,1333.0,1337.0
382,"POLYGON ((7.689495703079907 45.07391441112017, 7.6958576802399 45.07391441112017, 7.6958576802399 45.06755243396018, 7.689495703079907 45.06755243396018, 7.689495703079907 45.07391441112017))",382,1160.0,1156.0
241,"POLYGON ((7.657685817279942 45.08027638828016, 7.664047794439935 45.08027638828016, 7.664047794439935 45.07391441112017, 7.657685817279942 45.07391441112017, 7.657685817279942 45.08027638828016))",241,1135.0,1132.0
356,"POLYGON ((7.683133725919914 45.06119045680019, 7.689495703079907 45.06119045680019, 7.689495703079907 45.0548284796402, 7.683133725919914 45.0548284796402, 7.683133725919914 45.06119045680019))",356,1094.0,1097.0
300,"POLYGON ((7.670409771599928 45.06119045680019, 7.676771748759921 45.06119045680019, 7.676771748759921 45.0548284796402, 7.670409771599928 45.0548284796402, 7.670409771599928 45.06119045680019))",300,1121.0,1121.0
216,"POLYGON ((7.651323840119949 45.06119045680019, 7.657685817279942 45.06119045680019, 7.657685817279942 45.0548284796402, 7.651323840119949 45.0548284796402, 7.651323840119949 45.06119045680019))",216,1171.0,1163.0
410,"POLYGON ((7.6958576802399 45.07391441112017, 7.702219657399893 45.07391441112017, 7.702219657399893 45.06755243396018, 7.6958576802399 45.06755243396018, 7.6958576802399 45.07391441112017))",410,1084.0,1087.0
187,"POLYGON ((7.644961862959956 45.06755243396018, 7.651323840119949 45.06755243396018, 7.651323840119949 45.06119045680019, 7.644961862959956 45.06119045680019, 7.644961862959956 45.06755243396018))",187,1120.0,1121.0
302,"POLYGON ((7.670409771599928 45.04846650248021, 7.676771748759921 45.04846650248021, 7.676771748759921 45.04210452532022, 7.670409771599928 45.04210452532022, 7.670409771599928 45.04846650248021))",302,1052.0,1055.0
214,"POLYGON ((7.651323840119949 45.07391441112017, 7.657685817279942 45.07391441112017, 7.657685817279942 45.06755243396018, 7.651323840119949 45.06755243396018, 7.651323840119949 45.07391441112017))",214,1013.0,1011.0
411,"POLYGON ((7.6958576802399 45.06755243396018, 7.702219657399893 45.06755243396018, 7.702219657399893 45.06119045680019, 7.6958576802399 45.06119045680019, 7.6958576802399 45.06755243396018))",411,1028.0,1022.0
273,"POLYGON ((7.664047794439935 45.0548284796402, 7.670409771599928 45.0548284796402, 7.670409771599928 45.04846650248021, 7.664047794439935 45.04846650248021, 7.664047794439935 45.0548284796402))",273,1040.0,1047.0
140,"POLYGON ((7.638599885799963 45.18843, 7.644961862959956 45.18843, 7.644961862959956 45.18206802284001, 7.638599885799963 45.18206802284001, 7.638599885799963 45.18843))",140,1127.0,1140.0
271,"POLYGON ((7.664047794439935 45.06755243396018, 7.670409771599928 45.06755243396018, 7.670409771599928 45.06119045680019, 7.664047794439935 45.06119045680019, 7.664047794439935 45.06755243396018))",271,933.0,931.0
188,"POLYGON ((7.644961862959956 45.06119045680019, 7.651323840119949 45.06119045680019, 7.651323840119949 45.0548284796402, 7.644961862959956 45.0548284796402, 7.644961862959956 45.06119045680019))",188,914.0,901.0
160,"POLYGON ((7.638599885799963 45.06119045680019, 7.644961862959956 45.06119045680019, 7.644961862959956 45.0548284796402, 7.638599885799963 45.0548284796402, 7.638599885799963 45.06119045680019))",160,919.0,906.0
186,"POLYGON ((7.644961862959956 45.07391441112017, 7.651323840119949 45.07391441112017, 7.651323840119949 45.06755243396018, 7.644961862959956 45.06755243396018, 7.644961862959956 45.07391441112017))",186,803.0,800.0
301,"POLYGON ((7.670409771599928 45.0548284796402, 7.676771748759921 45.0548284796402, 7.676771748759921 45.04846650248021, 7.670409771599928 45.04846650248021, 7.670409771599928 45.0548284796402))",301,807.0,815.0
354,"POLYGON ((7.683133725919914 45.07391441112017, 7.689495703079907 45.07391441112017, 7.689495703079907 45.06755243396018, 7.683133725919914 45.06755243396018, 7.683133725919914 45.07391441112017))",354,768.0,771.0
276,"POLYGON ((7.664047794439935 45.03574254816023, 7.670409771599928 45.03574254816023, 7.670409771599928 45.02938057100024, 7.664047794439935 45.02938057100024, 7.664047794439935 45.03574254816023))",276,757.0,758.0
217,"POLYGON ((7.651323840119949 45.0548284796402, 7.657685817279942 45.0548284796402, 7.657685817279942 45.04846650248021, 7.651323840119949 45.04846650248021, 7.651323840119949 45.0548284796402))",217,809.0,807.0
330,"POLYGON ((7.676771748759921 45.04846650248021, 7.683133725919914 45.04846650248021, 7.683133725919914 45.04210452532022, 7.676771748759921 45.04210452532022, 7.676771748759921 45.04846650248021))",330,762.0,759.0
384,"POLYGON ((7.689495703079907 45.06119045680019, 7.6958576802399 45.06119045680019, 7.6958576802399 45.0548284796402, 7.689495703079907 45.0548284796402, 7.689495703079907 45.06119045680019))",384,750.0,751.0
213,"POLYGON ((7.651323840119949 45.08027638828016, 7.657685817279942 45.08027638828016, 7.657685817279942 45.07391441112017, 7.651323840119949 45.07391441112017, 7.651323840119949 45.08027638828016))",213,670.0,669.0
219,"POLYGON ((7.651323840119949 45.04210452532022, 7.657685817279942 45.04210452532022, 7.657685817279942 45.03574254816023, 7.651323840119949 45.03574254816023, 7.651323840119949 45.04210452532022))",219,721.0,723.0
381,"POLYGON ((7.689495703079907 45.08027638828016, 7.6958576802399 45.08027638828016, 7.6958576802399 45.07391441112017, 7.689495703079907 45.07391441112017, 7.689495703079907 45.08027638828016))",381,710.0,711.0
409,"POLYGON ((7.6958576802399 45.08027638828016, 7.702219657399893 45.08027638828016, 7.702219657399893 45.07391441112017, 7.6958576802399 45.07391441112017, 7.6958576802399 45.08027638828016))",409,680.0,683.0
158,"POLYGON ((7.638599885799963 45.07391441112017, 7.644961862959956 45.07391441112017, 7.644961862959956 45.06755243396018, 7.638599885799963 45.06755243396018, 7.638599885799963 45.07391441112017))",158,666.0,675.0
268,"POLYGON ((7.664047794439935 45.08663836544015, 7.670409771599928 45.08663836544015, 7.670409771599928 45.08027638828016, 7.664047794439935 45.08027638828016, 7.664047794439935 45.08663836544015))",268,663.0,664.0
240,"POLYGON ((7.657685817279942 45.08663836544015, 7.664047794439935 45.08663836544015, 7.664047794439935 45.08027638828016, 7.657685817279942 45.08027638828016, 7.657685817279942 45.08663836544015))",240,686.0,685.0
353,"POLYGON ((7.683133725919914 45.08027638828016, 7.689495703079907 45.08027638828016, 7.689495703079907 45.07391441112017, 7.683133725919914 45.07391441112017, 7.683133725919914 45.08027638828016))",353,630.0,633.0
185,"POLYGON ((7.644961862959956 45.08027638828016, 7.651323840119949 45.08027638828016, 7.651323840119949 45.07391441112017, 7.644961862959956 45.07391441112017, 7.644961862959956 45.08027638828016))",185,634.0,632.0
157,"POLYGON ((7.638599885799963 45.08027638828016, 7.644961862959956 45.08027638828016, 7.644961862959956 45.07391441112017, 7.638599885799963 45.07391441112017, 7.638599885799963 45.08027638828016))",157,646.0,648.0
438,"POLYGON ((7.702219657399893 45.07391441112017, 7.708581634559886 45.07391441112017, 7.708581634559886 45.06755243396018, 7.702219657399893 45.06755243396018, 7.702219657399893 45.07391441112017))",438,572.0,576.0
130,"POLYGON ((7.63223790863997 45.07391441112017, 7.638599885799963 45.07391441112017, 7.638599885799963 45.06755243396018, 7.63223790863997 45.06755243396018, 7.63223790863997 45.07391441112017))",130,649.0,657.0
439,"POLYGON ((7.702219657399893 45.06755243396018, 7.708581634559886 45.06755243396018, 7.708581634559886 45.06119045680019, 7.702219657399893 45.06119045680019, 7.702219657399893 45.06755243396018))",439,654.0,652.0
159,"POLYGON ((7.638599885799963 45.06755243396018, 7.644961862959956 45.06755243396018, 7.644961862959956 45.06119045680019, 7.638599885799963 45.06119045680019, 7.638599885799963 45.06755243396018))",159,610.0,607.0
296,"POLYGON ((7.670409771599928 45.08663836544015, 7.676771748759921 45.08663836544015, 7.676771748759921 45.08027638828016, 7.670409771599928 45.08027638828016, 7.670409771599928 45.08663836544015))",296,585.0,583.0
189,"POLYGON ((7.644961862959956 45.0548284796402, 7.651323840119949 45.0548284796402, 7.651323840119949 45.04846650248021, 7.644961862959956 45.04846650248021, 7.644961862959956 45.0548284796402))",189,575.0,571.0
162,"POLYGON ((7.638599885799963 45.04846650248021, 7.644961862959956 45.04846650248021, 7.644961862959956 45.04210452532022, 7.638599885799963 45.04210452532022, 7.638599885799963 45.04846650248021))",162,544.0,544.0
246,"POLYGON ((7.657685817279942 45.04846650248021, 7.664047794439935 45.04846650248021, 7.664047794439935 45.04210452532022, 7.657685817279942 45.04210452532022, 7.657685817279942 45.04846650248021))",246,582.0,581.0
212,"POLYGON ((7.651323840119949 45.08663836544015, 7.657685817279942 45.08663836544015, 7.657685817279942 45.08027638828016, 7.651323840119949 45.08027638828016, 7.651323840119949 45.08663836544015))",212,568.0,574.0
103,"POLYGON ((7.625875931479977 45.06755243396018, 7.63223790863997 45.06755243396018, 7.63223790863997 45.06119045680019, 7.625875931479977 45.06119045680019, 7.625875931479977 45.06755243396018))",103,559.0,558.0
131,"POLYGON ((7.63223790863997 45.06755243396018, 7.638599885799963 45.06755243396018, 7.638599885799963 45.06119045680019, 7.63223790863997 45.06119045680019, 7.63223790863997 45.06755243396018))",131,538.0,539.0
466,"POLYGON ((7.708581634559886 45.07391441112017, 7.714943611719879 45.07391441112017, 7.714943611719879 45.06755243396018, 7.708581634559886 45.06755243396018, 7.708581634559886 45.07391441112017))",466,502.0,504.0
73,"POLYGON ((7.619513954319984 45.08027638828016, 7.625875931479977 45.08027638828016, 7.625875931479977 45.07391441112017, 7.619513954319984 45.07391441112017, 7.619513954319984 45.08027638828016))",73,527.0,529.0
265,"POLYGON ((7.664047794439935 45.10572429692012, 7.670409771599928 45.10572429692012, 7.670409771599928 45.09936231976013, 7.664047794439935 45.09936231976013, 7.664047794439935 45.10572429692012))",265,544.0,545.0
467,"POLYGON ((7.708581634559886 45.06755243396018, 7.714943611719879 45.06755243396018, 7.714943611719879 45.06119045680019, 7.708581634559886 45.06119045680019, 7.708581634559886 45.06755243396018))",467,561.0,555.0
190,"POLYGON ((7.644961862959956 45.04846650248021, 7.651323840119949 45.04846650248021, 7.651323840119949 45.04210452532022, 7.644961862959956 45.04210452532022, 7.644961862959956 45.04846650248021))",190,533.0,537.0
163,"POLYGON ((7.638599885799963 45.04210452532022, 7.644961862959956 45.04210452532022, 7.644961862959956 45.03574254816023, 7.638599885799963 45.03574254816023, 7.638599885799963 45.04210452532022))",163,505.0,504.0
380,"POLYGON ((7.689495703079907 45.08663836544015, 7.6958576802399 45.08663836544015, 7.6958576802399 45.08027638828016, 7.689495703079907 45.08027638828016, 7.689495703079907 45.08663836544015))",380,506.0,506.0
351,"POLYGON ((7.683133725919914 45.09300034260014, 7.689495703079907 45.09300034260014, 7.689495703079907 45.08663836544015, 7.683133725919914 45.08663836544015, 7.683133725919914 45.09300034260014))",351,540.0,534.0
191,"POLYGON ((7.644961862959956 45.04210452532022, 7.651323840119949 45.04210452532022, 7.651323840119949 45.03574254816023, 7.644961862959956 45.03574254816023, 7.644961862959956 45.04210452532022))",191,514.0,514.0
21,"POLYGON ((7.606789999999998 45.0548284796402, 7.613151977159991 45.0548284796402, 7.613151977159991 45.04846650248021, 7.606789999999998 45.04846650248021, 7.606789999999998 45.0548284796402))",21,452.0,449.0
324,"POLYGON ((7.676771748759921 45.08663836544015, 7.683133725919914 45.08663836544015, 7.683133725919914 45.08027638828016, 7.676771748759921 45.08027638828016, 7.676771748759921 45.08663836544015))",324,468.0,463.0
220,"POLYGON ((7.651323840119949 45.03574254816023, 7.657685817279942 45.03574254816023, 7.657685817279942 45.02938057100024, 7.651323840119949 45.02938057100024, 7.651323840119949 45.03574254816023))",220,476.0,478.0
133,"POLYGON ((7.63223790863997 45.0548284796402, 7.638599885799963 45.0548284796402, 7.638599885799963 45.04846650248021, 7.63223790863997 45.04846650248021, 7.63223790863997 45.0548284796402))",133,474.0,471.0
323,"POLYGON ((7.676771748759921 45.09300034260014, 7.683133725919914 45.09300034260014, 7.683133725919914 45.08663836544015, 7.676771748759921 45.08663836544015, 7.676771748759921 45.09300034260014))",323,443.0,441.0
165,"POLYGON ((7.638599885799963 45.02938057100024, 7.644961862959956 45.02938057100024, 7.644961862959956 45.02301859384025, 7.638599885799963 45.02301859384025, 7.638599885799963 45.02938057100024))",165,424.0,423.0
352,"POLYGON ((7.683133725919914 45.08663836544015, 7.689495703079907 45.08663836544015, 7.689495703079907 45.08027638828016, 7.683133725919914 45.08027638828016, 7.683133725919914 45.08663836544015))",352,446.0,444.0
293,"POLYGON ((7.670409771599928 45.10572429692012, 7.676771748759921 45.10572429692012, 7.676771748759921 45.09936231976013, 7.670409771599928 45.09936231976013, 7.670409771599928 45.10572429692012))",293,512.0,513.0
405,"POLYGON ((7.6958576802399 45.10572429692012, 7.702219657399893 45.10572429692012, 7.702219657399893 45.09936231976013, 7.6958576802399 45.09936231976013, 7.6958576802399 45.10572429692012))",405,525.0,527.0
221,"POLYGON ((7.651323840119949 45.02938057100024, 7.657685817279942 45.02938057100024, 7.657685817279942 45.02301859384025, 7.651323840119949 45.02301859384025, 7.651323840119949 45.02938057100024))",221,433.0,437.0
211,"POLYGON ((7.651323840119949 45.09300034260014, 7.657685817279942 45.09300034260014, 7.657685817279942 45.08663836544015, 7.651323840119949 45.08663836544015, 7.651323840119949 45.09300034260014))",211,450.0,450.0
46,"POLYGON ((7.613151977159991 45.07391441112017, 7.619513954319984 45.07391441112017, 7.619513954319984 45.06755243396018, 7.613151977159991 45.06755243396018, 7.613151977159991 45.07391441112017))",46,498.0,500.0
101,"POLYGON ((7.625875931479977 45.08027638828016, 7.63223790863997 45.08027638828016, 7.63223790863997 45.07391441112017, 7.625875931479977 45.07391441112017, 7.625875931479977 45.08027638828016))",101,404.0,403.0
522,"POLYGON ((7.721305588879872 45.07391441112017, 7.727667566039865 45.07391441112017, 7.727667566039865 45.06755243396018, 7.721305588879872 45.06755243396018, 7.721305588879872 45.07391441112017))",522,486.0,488.0
102,"POLYGON ((7.625875931479977 45.07391441112017, 7.63223790863997 45.07391441112017, 7.63223790863997 45.06755243396018, 7.625875931479977 45.06755243396018, 7.625875931479977 45.07391441112017))",102,422.0,421.0
106,"POLYGON ((7.625875931479977 45.04846650248021, 7.63223790863997 45.04846650248021, 7.63223790863997 45.04210452532022, 7.625875931479977 45.04210452532022, 7.625875931479977 45.04846650248021))",106,458.0,459.0
494,"POLYGON ((7.714943611719879 45.07391441112017, 7.721305588879872 45.07391441112017, 7.721305588879872 45.06755243396018, 7.714943611719879 45.06755243396018, 7.714943611719879 45.07391441112017))",494,448.0,446.0
180,"POLYGON ((7.644961862959956 45.11208627408011, 7.651323840119949 45.11208627408011, 7.651323840119949 45.10572429692012, 7.644961862959956 45.10572429692012, 7.644961862959956 45.11208627408011))",180,655.0,651.0
18,"POLYGON ((7.606789999999998 45.07391441112017, 7.613151977159991 45.07391441112017, 7.613151977159991 45.06755243396018, 7.606789999999998 45.06755243396018, 7.606789999999998 45.07391441112017))",18,438.0,431.0
135,"POLYGON ((7.63223790863997 45.04210452532022, 7.638599885799963 45.04210452532022, 7.638599885799963 45.03574254816023, 7.63223790863997 45.03574254816023, 7.63223790863997 45.04210452532022))",135,418.0,415.0
129,"POLYGON ((7.63223790863997 45.08027638828016, 7.638599885799963 45.08027638828016, 7.638599885799963 45.07391441112017, 7.63223790863997 45.07391441112017, 7.63223790863997 45.08027638828016))",129,368.0,367.0
521,"POLYGON ((7.721305588879872 45.08027638828016, 7.727667566039865 45.08027638828016, 7.727667566039865 45.07391441112017, 7.721305588879872 45.07391441112017, 7.721305588879872 45.08027638828016))",521,476.0,473.0
322,"POLYGON ((7.676771748759921 45.09936231976013, 7.683133725919914 45.09936231976013, 7.683133725919914 45.09300034260014, 7.676771748759921 45.09300034260014, 7.676771748759921 45.09936231976013))",322,396.0,394.0
278,"POLYGON ((7.664047794439935 45.02301859384025, 7.670409771599928 45.02301859384025, 7.670409771599928 45.01665661668026, 7.664047794439935 45.01665661668026, 7.664047794439935 45.02301859384025))",278,386.0,381.0
161,"POLYGON ((7.638599885799963 45.0548284796402, 7.644961862959956 45.0548284796402, 7.644961862959956 45.04846650248021, 7.638599885799963 45.04846650248021, 7.638599885799963 45.0548284796402))",161,360.0,353.0
295,"POLYGON ((7.670409771599928 45.09300034260014, 7.676771748759921 45.09300034260014, 7.676771748759921 45.08663836544015, 7.670409771599928 45.08663836544015, 7.670409771599928 45.09300034260014))",295,397.0,398.0
331,"POLYGON ((7.676771748759921 45.04210452532022, 7.683133725919914 45.04210452532022, 7.683133725919914 45.03574254816023, 7.676771748759921 45.03574254816023, 7.676771748759921 45.04210452532022))",331,389.0,388.0
192,"POLYGON ((7.644961862959956 45.03574254816023, 7.651323840119949 45.03574254816023, 7.651323840119949 45.02938057100024, 7.644961862959956 45.02938057100024, 7.644961862959956 45.03574254816023))",192,352.0,355.0
134,"POLYGON ((7.63223790863997 45.04846650248021, 7.638599885799963 45.04846650248021, 7.638599885799963 45.04210452532022, 7.63223790863997 45.04210452532022, 7.63223790863997 45.04846650248021))",134,387.0,388.0
184,"POLYGON ((7.644961862959956 45.08663836544015, 7.651323840119949 45.08663836544015, 7.651323840119949 45.08027638828016, 7.644961862959956 45.08027638828016, 7.644961862959956 45.08663836544015))",184,346.0,342.0
79,"POLYGON ((7.619513954319984 45.04210452532022, 7.625875931479977 45.04210452532022, 7.625875931479977 45.03574254816023, 7.619513954319984 45.03574254816023, 7.619513954319984 45.04210452532022))",79,368.0,369.0
277,"POLYGON ((7.664047794439935 45.02938057100024, 7.670409771599928 45.02938057100024, 7.670409771599928 45.02301859384025, 7.664047794439935 45.02301859384025, 7.664047794439935 45.02938057100024))",277,366.0,368.0
408,"POLYGON ((7.6958576802399 45.08663836544015, 7.702219657399893 45.08663836544015, 7.702219657399893 45.08027638828016, 7.6958576802399 45.08027638828016, 7.6958576802399 45.08663836544015))",408,371.0,374.0
294,"POLYGON ((7.670409771599928 45.09936231976013, 7.676771748759921 45.09936231976013, 7.676771748759921 45.09300034260014, 7.670409771599928 45.09300034260014, 7.670409771599928 45.09936231976013))",294,346.0,352.0
222,"POLYGON ((7.651323840119949 45.02301859384025, 7.657685817279942 45.02301859384025, 7.657685817279942 45.01665661668026, 7.651323840119949 45.01665661668026, 7.651323840119949 45.02301859384025))",222,325.0,324.0
105,"POLYGON ((7.625875931479977 45.0548284796402, 7.63223790863997 45.0548284796402, 7.63223790863997 45.04846650248021, 7.625875931479977 45.04846650248021, 7.625875931479977 45.0548284796402))",105,365.0,361.0
303,"POLYGON ((7.670409771599928 45.04210452532022, 7.676771748759921 45.04210452532022, 7.676771748759921 45.03574254816023, 7.670409771599928 45.03574254816023, 7.670409771599928 45.04210452532022))",303,331.0,335.0
208,"POLYGON ((7.651323840119949 45.11208627408011, 7.657685817279942 45.11208627408011, 7.657685817279942 45.10572429692012, 7.651323840119949 45.10572429692012, 7.651323840119949 45.11208627408011))",208,396.0,392.0
239,"POLYGON ((7.657685817279942 45.09300034260014, 7.664047794439935 45.09300034260014, 7.664047794439935 45.08663836544015, 7.657685817279942 45.08663836544015, 7.657685817279942 45.09300034260014))",239,331.0,333.0
74,"POLYGON ((7.619513954319984 45.07391441112017, 7.625875931479977 45.07391441112017, 7.625875931479977 45.06755243396018, 7.619513954319984 45.06755243396018, 7.619513954319984 45.07391441112017))",74,385.0,380.0
132,"POLYGON ((7.63223790863997 45.06119045680019, 7.638599885799963 45.06119045680019, 7.638599885799963 45.0548284796402, 7.63223790863997 45.0548284796402, 7.63223790863997 45.06119045680019))",132,357.0,357.0
250,"POLYGON ((7.657685817279942 45.02301859384025, 7.664047794439935 45.02301859384025, 7.664047794439935 45.01665661668026, 7.657685817279942 45.01665661668026, 7.657685817279942 45.02301859384025))",250,358.0,359.0
107,"POLYGON ((7.625875931479977 45.04210452532022, 7.63223790863997 45.04210452532022, 7.63223790863997 45.03574254816023, 7.625875931479977 45.03574254816023, 7.625875931479977 45.04210452532022))",107,343.0,341.0
164,"POLYGON ((7.638599885799963 45.03574254816023, 7.644961862959956 45.03574254816023, 7.644961862959956 45.02938057100024, 7.638599885799963 45.02938057100024, 7.638599885799963 45.03574254816023))",164,352.0,355.0
379,"POLYGON ((7.689495703079907 45.09300034260014, 7.6958576802399 45.09300034260014, 7.6958576802399 45.08663836544015, 7.689495703079907 45.08663836544015, 7.689495703079907 45.09300034260014))",379,305.0,305.0
274,"POLYGON ((7.664047794439935 45.04846650248021, 7.670409771599928 45.04846650248021, 7.670409771599928 45.04210452532022, 7.664047794439935 45.04210452532022, 7.664047794439935 45.04846650248021))",274,317.0,314.0
349,"POLYGON ((7.683133725919914 45.10572429692012, 7.689495703079907 45.10572429692012, 7.689495703079907 45.09936231976013, 7.683133725919914 45.09936231976013, 7.683133725919914 45.10572429692012))",349,337.0,338.0
267,"POLYGON ((7.664047794439935 45.09300034260014, 7.670409771599928 45.09300034260014, 7.670409771599928 45.08663836544015, 7.664047794439935 45.08663836544015, 7.664047794439935 45.09300034260014))",267,325.0,322.0
304,"POLYGON ((7.670409771599928 45.03574254816023, 7.676771748759921 45.03574254816023, 7.676771748759921 45.02938057100024, 7.670409771599928 45.02938057100024, 7.670409771599928 45.03574254816023))",304,279.0,279.0
237,"POLYGON ((7.657685817279942 45.10572429692012, 7.664047794439935 45.10572429692012, 7.664047794439935 45.09936231976013, 7.657685817279942 45.09936231976013, 7.657685817279942 45.10572429692012))",237,312.0,315.0
407,"POLYGON ((7.6958576802399 45.09300034260014, 7.702219657399893 45.09300034260014, 7.702219657399893 45.08663836544015, 7.6958576802399 45.08663836544015, 7.6958576802399 45.09300034260014))",407,255.0,256.0
463,"POLYGON ((7.708581634559886 45.09300034260014, 7.714943611719879 45.09300034260014, 7.714943611719879 45.08663836544015, 7.708581634559886 45.08663836544015, 7.708581634559886 45.09300034260014))",463,282.0,280.0
152,"POLYGON ((7.638599885799963 45.11208627408011, 7.644961862959956 45.11208627408011, 7.644961862959956 45.10572429692012, 7.638599885799963 45.10572429692012, 7.638599885799963 45.11208627408011))",152,342.0,343.0
321,"POLYGON ((7.676771748759921 45.10572429692012, 7.683133725919914 45.10572429692012, 7.683133725919914 45.09936231976013, 7.676771748759921 45.09936231976013, 7.676771748759921 45.10572429692012))",321,294.0,296.0
266,"POLYGON ((7.664047794439935 45.09936231976013, 7.670409771599928 45.09936231976013, 7.670409771599928 45.09300034260014, 7.664047794439935 45.09300034260014, 7.664047794439935 45.09936231976013))",266,293.0,288.0
128,"POLYGON ((7.63223790863997 45.08663836544015, 7.638599885799963 45.08663836544015, 7.638599885799963 45.08027638828016, 7.63223790863997 45.08027638828016, 7.63223790863997 45.08663836544015))",128,278.0,279.0
54,"POLYGON ((7.613151977159991 45.02301859384025, 7.619513954319984 45.02301859384025, 7.619513954319984 45.01665661668026, 7.613151977159991 45.01665661668026, 7.613151977159991 45.02301859384025))",54,323.0,318.0
75,"POLYGON ((7.619513954319984 45.06755243396018, 7.625875931479977 45.06755243396018, 7.625875931479977 45.06119045680019, 7.619513954319984 45.06119045680019, 7.619513954319984 45.06755243396018))",75,256.0,257.0
210,"POLYGON ((7.651323840119949 45.09936231976013, 7.657685817279942 45.09936231976013, 7.657685817279942 45.09300034260014, 7.651323840119949 45.09300034260014, 7.651323840119949 45.09936231976013))",210,284.0,283.0
100,"POLYGON ((7.625875931479977 45.08663836544015, 7.63223790863997 45.08663836544015, 7.63223790863997 45.08027638828016, 7.625875931479977 45.08027638828016, 7.625875931479977 45.08663836544015))",100,275.0,279.0
137,"POLYGON ((7.63223790863997 45.02938057100024, 7.638599885799963 45.02938057100024, 7.638599885799963 45.02301859384025, 7.63223790863997 45.02301859384025, 7.63223790863997 45.02938057100024))",137,258.0,259.0
378,"POLYGON ((7.689495703079907 45.09936231976013, 7.6958576802399 45.09936231976013, 7.6958576802399 45.09300034260014, 7.689495703079907 45.09300034260014, 7.689495703079907 45.09936231976013))",378,263.0,256.0
138,"POLYGON ((7.63223790863997 45.02301859384025, 7.638599885799963 45.02301859384025, 7.638599885799963 45.01665661668026, 7.63223790863997 45.01665661668026, 7.63223790863997 45.02301859384025))",138,314.0,311.0
238,"POLYGON ((7.657685817279942 45.09936231976013, 7.664047794439935 45.09936231976013, 7.664047794439935 45.09300034260014, 7.657685817279942 45.09300034260014, 7.657685817279942 45.09936231976013))",238,237.0,235.0
181,"POLYGON ((7.644961862959956 45.10572429692012, 7.651323840119949 45.10572429692012, 7.651323840119949 45.09936231976013, 7.644961862959956 45.09936231976013, 7.644961862959956 45.10572429692012))",181,319.0,316.0
194,"POLYGON ((7.644961862959956 45.02301859384025, 7.651323840119949 45.02301859384025, 7.651323840119949 45.01665661668026, 7.644961862959956 45.01665661668026, 7.644961862959956 45.02301859384025))",194,247.0,244.0
406,"POLYGON ((7.6958576802399 45.09936231976013, 7.702219657399893 45.09936231976013, 7.702219657399893 45.09300034260014, 7.6958576802399 45.09300034260014, 7.6958576802399 45.09936231976013))",406,214.0,216.0
156,"POLYGON ((7.638599885799963 45.08663836544015, 7.644961862959956 45.08663836544015, 7.644961862959956 45.08027638828016, 7.638599885799963 45.08027638828016, 7.638599885799963 45.08663836544015))",156,228.0,229.0
45,"POLYGON ((7.613151977159991 45.08027638828016, 7.619513954319984 45.08027638828016, 7.619513954319984 45.07391441112017, 7.613151977159991 45.07391441112017, 7.613151977159991 45.08027638828016))",45,246.0,250.0
435,"POLYGON ((7.702219657399893 45.09300034260014, 7.708581634559886 45.09300034260014, 7.708581634559886 45.08663836544015, 7.702219657399893 45.08663836544015, 7.702219657399893 45.09300034260014))",435,217.0,216.0
83,"POLYGON ((7.619513954319984 45.01665661668026, 7.625875931479977 45.01665661668026, 7.625875931479977 45.01029463952027, 7.619513954319984 45.01029463952027, 7.619513954319984 45.01665661668026))",83,251.0,251.0
332,"POLYGON ((7.676771748759921 45.03574254816023, 7.683133725919914 45.03574254816023, 7.683133725919914 45.02938057100024, 7.676771748759921 45.02938057100024, 7.676771748759921 45.03574254816023))",332,236.0,239.0
385,"POLYGON ((7.689495703079907 45.0548284796402, 7.6958576802399 45.0548284796402, 7.6958576802399 45.04846650248021, 7.689495703079907 45.04846650248021, 7.689495703079907 45.0548284796402))",385,247.0,242.0
247,"POLYGON ((7.657685817279942 45.04210452532022, 7.664047794439935 45.04210452532022, 7.664047794439935 45.03574254816023, 7.657685817279942 45.03574254816023, 7.657685817279942 45.04210452532022))",247,208.0,208.0
104,"POLYGON ((7.625875931479977 45.06119045680019, 7.63223790863997 45.06119045680019, 7.63223790863997 45.0548284796402, 7.625875931479977 45.0548284796402, 7.625875931479977 45.06119045680019))",104,227.0,224.0
433,"POLYGON ((7.702219657399893 45.10572429692012, 7.708581634559886 45.10572429692012, 7.708581634559886 45.09936231976013, 7.702219657399893 45.09936231976013, 7.702219657399893 45.10572429692012))",433,244.0,242.0
357,"POLYGON ((7.683133725919914 45.0548284796402, 7.689495703079907 45.0548284796402, 7.689495703079907 45.04846650248021, 7.683133725919914 45.04846650248021, 7.683133725919914 45.0548284796402))",357,215.0,216.0
275,"POLYGON ((7.664047794439935 45.04210452532022, 7.670409771599928 45.04210452532022, 7.670409771599928 45.03574254816023, 7.664047794439935 45.03574254816023, 7.664047794439935 45.04210452532022))",275,172.0,174.0
465,"POLYGON ((7.708581634559886 45.08027638828016, 7.714943611719879 45.08027638828016, 7.714943611719879 45.07391441112017, 7.708581634559886 45.07391441112017, 7.708581634559886 45.08027638828016))",465,192.0,198.0
17,"POLYGON ((7.606789999999998 45.08027638828016, 7.613151977159991 45.08027638828016, 7.613151977159991 45.07391441112017, 7.606789999999998 45.07391441112017, 7.606789999999998 45.08027638828016))",17,204.0,202.0
495,"POLYGON ((7.714943611719879 45.06755243396018, 7.721305588879872 45.06755243396018, 7.721305588879872 45.06119045680019, 7.714943611719879 45.06119045680019, 7.714943611719879 45.06755243396018))",495,233.0,231.0
125,"POLYGON ((7.63223790863997 45.10572429692012, 7.638599885799963 45.10572429692012, 7.638599885799963 45.09936231976013, 7.63223790863997 45.09936231976013, 7.63223790863997 45.10572429692012))",125,207.0,209.0
412,"POLYGON ((7.6958576802399 45.06119045680019, 7.702219657399893 45.06119045680019, 7.702219657399893 45.0548284796402, 7.6958576802399 45.0548284796402, 7.6958576802399 45.06119045680019))",412,195.0,192.0
153,"POLYGON ((7.638599885799963 45.10572429692012, 7.644961862959956 45.10572429692012, 7.644961862959956 45.09936231976013, 7.638599885799963 45.09936231976013, 7.638599885799963 45.10572429692012))",153,204.0,202.0
166,"POLYGON ((7.638599885799963 45.02301859384025, 7.644961862959956 45.02301859384025, 7.644961862959956 45.01665661668026, 7.638599885799963 45.01665661668026, 7.638599885799963 45.02301859384025))",166,189.0,186.0
218,"POLYGON ((7.651323840119949 45.04846650248021, 7.657685817279942 45.04846650248021, 7.657685817279942 45.04210452532022, 7.651323840119949 45.04210452532022, 7.651323840119949 45.04846650248021))",218,179.0,182.0
223,"POLYGON ((7.651323840119949 45.01665661668026, 7.657685817279942 45.01665661668026, 7.657685817279942 45.01029463952027, 7.651323840119949 45.01029463952027, 7.651323840119949 45.01665661668026))",223,251.0,253.0
209,"POLYGON ((7.651323840119949 45.10572429692012, 7.657685817279942 45.10572429692012, 7.657685817279942 45.09936231976013, 7.651323840119949 45.09936231976013, 7.651323840119949 45.10572429692012))",209,258.0,256.0
44,"POLYGON ((7.613151977159991 45.08663836544015, 7.619513954319984 45.08663836544015, 7.619513954319984 45.08027638828016, 7.613151977159991 45.08027638828016, 7.613151977159991 45.08663836544015))",44,186.0,182.0
377,"POLYGON ((7.689495703079907 45.10572429692012, 7.6958576802399 45.10572429692012, 7.6958576802399 45.09936231976013, 7.689495703079907 45.09936231976013, 7.689495703079907 45.10572429692012))",377,171.0,173.0
358,"POLYGON ((7.683133725919914 45.04846650248021, 7.689495703079907 45.04846650248021, 7.689495703079907 45.04210452532022, 7.683133725919914 45.04210452532022, 7.683133725919914 45.04846650248021))",358,144.0,140.0
440,"POLYGON ((7.702219657399893 45.06119045680019, 7.708581634559886 45.06119045680019, 7.708581634559886 45.0548284796402, 7.702219657399893 45.0548284796402, 7.702219657399893 45.06119045680019))",440,137.0,137.0
82,"POLYGON ((7.619513954319984 45.02301859384025, 7.625875931479977 45.02301859384025, 7.625875931479977 45.01665661668026, 7.619513954319984 45.01665661668026, 7.619513954319984 45.02301859384025))",82,213.0,216.0
493,"POLYGON ((7.714943611719879 45.08027638828016, 7.721305588879872 45.08027638828016, 7.721305588879872 45.07391441112017, 7.714943611719879 45.07391441112017, 7.714943611719879 45.08027638828016))",493,155.0,153.0
193,"POLYGON ((7.644961862959956 45.02938057100024, 7.651323840119949 45.02938057100024, 7.651323840119949 45.02301859384025, 7.644961862959956 45.02301859384025, 7.644961862959956 45.02938057100024))",193,136.0,134.0
72,"POLYGON ((7.619513954319984 45.08663836544015, 7.625875931479977 45.08663836544015, 7.625875931479977 45.08027638828016, 7.619513954319984 45.08027638828016, 7.619513954319984 45.08663836544015))",72,147.0,146.0
490,"POLYGON ((7.714943611719879 45.09936231976013, 7.721305588879872 45.09936231976013, 7.721305588879872 45.09300034260014, 7.714943611719879 45.09300034260014, 7.714943611719879 45.09936231976013))",490,142.0,143.0
47,"POLYGON ((7.613151977159991 45.06755243396018, 7.619513954319984 45.06755243396018, 7.619513954319984 45.06119045680019, 7.613151977159991 45.06119045680019, 7.613151977159991 45.06755243396018))",47,133.0,132.0
523,"POLYGON ((7.721305588879872 45.06755243396018, 7.727667566039865 45.06755243396018, 7.727667566039865 45.06119045680019, 7.721305588879872 45.06119045680019, 7.721305588879872 45.06755243396018))",523,135.0,135.0
236,"POLYGON ((7.657685817279942 45.11208627408011, 7.664047794439935 45.11208627408011, 7.664047794439935 45.10572429692012, 7.657685817279942 45.10572429692012, 7.657685817279942 45.11208627408011))",236,148.0,149.0
195,"POLYGON ((7.644961862959956 45.01665661668026, 7.651323840119949 45.01665661668026, 7.651323840119949 45.01029463952027, 7.644961862959956 45.01029463952027, 7.644961862959956 45.01665661668026))",195,165.0,160.0
462,"POLYGON ((7.708581634559886 45.09936231976013, 7.714943611719879 45.09936231976013, 7.714943611719879 45.09300034260014, 7.708581634559886 45.09300034260014, 7.708581634559886 45.09936231976013))",462,146.0,144.0
434,"POLYGON ((7.702219657399893 45.09936231976013, 7.708581634559886 45.09936231976013, 7.708581634559886 45.09300034260014, 7.702219657399893 45.09300034260014, 7.702219657399893 45.09936231976013))",434,145.0,141.0
350,"POLYGON ((7.683133725919914 45.09936231976013, 7.689495703079907 45.09936231976013, 7.689495703079907 45.09300034260014, 7.683133725919914 45.09300034260014, 7.683133725919914 45.09936231976013))",350,126.0,128.0
111,"POLYGON ((7.625875931479977 45.01665661668026, 7.63223790863997 45.01665661668026, 7.63223790863997 45.01029463952027, 7.625875931479977 45.01029463952027, 7.625875931479977 45.01665661668026))",111,132.0,133.0
108,"POLYGON ((7.625875931479977 45.03574254816023, 7.63223790863997 45.03574254816023, 7.63223790863997 45.02938057100024, 7.625875931479977 45.02938057100024, 7.625875931479977 45.03574254816023))",108,113.0,112.0
136,"POLYGON ((7.63223790863997 45.03574254816023, 7.638599885799963 45.03574254816023, 7.638599885799963 45.02938057100024, 7.63223790863997 45.02938057100024, 7.63223790863997 45.03574254816023))",136,104.0,103.0
78,"POLYGON ((7.619513954319984 45.04846650248021, 7.625875931479977 45.04846650248021, 7.625875931479977 45.04210452532022, 7.619513954319984 45.04210452532022, 7.619513954319984 45.04846650248021))",78,116.0,116.0
437,"POLYGON ((7.702219657399893 45.08027638828016, 7.708581634559886 45.08027638828016, 7.708581634559886 45.07391441112017, 7.702219657399893 45.07391441112017, 7.702219657399893 45.08027638828016))",437,77.0,78.0
110,"POLYGON ((7.625875931479977 45.02301859384025, 7.63223790863997 45.02301859384025, 7.63223790863997 45.01665661668026, 7.625875931479977 45.01665661668026, 7.625875931479977 45.02301859384025))",110,99.0,99.0
139,"POLYGON ((7.63223790863997 45.01665661668026, 7.638599885799963 45.01665661668026, 7.638599885799963 45.01029463952027, 7.63223790863997 45.01029463952027, 7.63223790863997 45.01665661668026))",139,134.0,134.0
26,"POLYGON ((7.606789999999998 45.02301859384025, 7.613151977159991 45.02301859384025, 7.613151977159991 45.01665661668026, 7.606789999999998 45.01665661668026, 7.606789999999998 45.02301859384025))",26,80.0,77.0
51,"POLYGON ((7.613151977159991 45.04210452532022, 7.619513954319984 45.04210452532022, 7.619513954319984 45.03574254816023, 7.613151977159991 45.03574254816023, 7.613151977159991 45.04210452532022))",51,89.0,89.0
55,"POLYGON ((7.613151977159991 45.01665661668026, 7.619513954319984 45.01665661668026, 7.619513954319984 45.01029463952027, 7.613151977159991 45.01029463952027, 7.613151977159991 45.01665661668026))",55,75.0,72.0
491,"POLYGON ((7.714943611719879 45.09300034260014, 7.721305588879872 45.09300034260014, 7.721305588879872 45.08663836544015, 7.714943611719879 45.08663836544015, 7.714943611719879 45.09300034260014))",491,54.0,56.0
404,"POLYGON ((7.6958576802399 45.11208627408011, 7.702219657399893 45.11208627408011, 7.702219657399893 45.10572429692012, 7.6958576802399 45.10572429692012, 7.6958576802399 45.11208627408011))",404,60.0,62.0
251,"POLYGON ((7.657685817279942 45.01665661668026, 7.664047794439935 45.01665661668026, 7.664047794439935 45.01029463952027, 7.657685817279942 45.01029463952027, 7.657685817279942 45.01665661668026))",251,45.0,44.0
249,"POLYGON ((7.657685817279942 45.02938057100024, 7.664047794439935 45.02938057100024, 7.664047794439935 45.02301859384025, 7.657685817279942 45.02301859384025, 7.657685817279942 45.02938057100024))",249,50.0,51.0
359,"POLYGON ((7.683133725919914 45.04210452532022, 7.689495703079907 45.04210452532022, 7.689495703079907 45.03574254816023, 7.683133725919914 45.03574254816023, 7.683133725919914 45.04210452532022))",359,26.0,27.0
182,"POLYGON ((7.644961862959956 45.09936231976013, 7.651323840119949 45.09936231976013, 7.651323840119949 45.09300034260014, 7.644961862959956 45.09300034260014, 7.644961862959956 45.09936231976013))",182,37.0,38.0
333,"POLYGON ((7.676771748759921 45.02938057100024, 7.683133725919914 45.02938057100024, 7.683133725919914 45.02301859384025, 7.676771748759921 45.02301859384025, 7.676771748759921 45.02938057100024))",333,26.0,26.0
124,"POLYGON ((7.63223790863997 45.11208627408011, 7.638599885799963 45.11208627408011, 7.638599885799963 45.10572429692012, 7.63223790863997 45.10572429692012, 7.63223790863997 45.11208627408011))",124,18.0,18.0
80,"POLYGON ((7.619513954319984 45.03574254816023, 7.625875931479977 45.03574254816023, 7.625875931479977 45.02938057100024, 7.619513954319984 45.02938057100024, 7.619513954319984 45.03574254816023))",80,19.0,19.0
436,"POLYGON ((7.702219657399893 45.08663836544015, 7.708581634559886 45.08663836544015, 7.708581634559886 45.08027638828016, 7.702219657399893 45.08027638828016, 7.702219657399893 45.08663836544015))",436,15.0,15.0
27,"POLYGON ((7.606789999999998 45.01665661668026, 7.613151977159991 45.01665661668026, 7.613151977159991 45.01029463952027, 7.606789999999998 45.01029463952027, 7.606789999999998 45.01665661668026))",27,17.0,17.0
305,"POLYGON ((7.670409771599928 45.02938057100024, 7.676771748759921 45.02938057100024, 7.676771748759921 45.02301859384025, 7.670409771599928 45.02301859384025, 7.670409771599928 45.02938057100024))",305,6.0,6.0
461,"POLYGON ((7.708581634559886 45.10572429692012, 7.714943611719879 45.10572429692012, 7.714943611719879 45.09936231976013, 7.708581634559886 45.09936231976013, 7.708581634559886 45.10572429692012))",461,8.0,8.0
248,"POLYGON ((7.657685817279942 45.03574254816023, 7.664047794439935 45.03574254816023, 7.664047794439935 45.02938057100024, 7.657685817279942 45.02938057100024, 7.657685817279942 45.03574254816023))",248,3.0,3.0
279,"POLYGON ((7.664047794439935 45.01665661668026, 7.670409771599928 45.01665661668026, 7.670409771599928 45.01029463952027, 7.664047794439935 45.01029463952027, 7.664047794439935 45.01665661668026))",279,4.0,4.0
459,"POLYGON ((7.708581634559886 45.1184482512401, 7.714943611719879 45.1184482512401, 7.714943611719879 45.11208627408011, 7.708581634559886 45.11208627408011, 7.708581634559886 45.1184482512401))",459,1.0,1.0
